Name,DateOfBirth,Married,Phone,Salary
Kala,2024-05-12,false,+260 532 407 1266,92393
Garold,2022-07-27,true,+7 153 266 5316,87625
Fred,2022-10-29,true,+7 485 302 2329,98618
Gwenni,2019-12-22,false,+7 774 855 4089,38516
Algernon,2020-06-28,true,+86 611 834 2205,22111
Stoddard,2023-08-21,true,+503 136 418 8419,74536
Wes,2024-09-21,false,+46 491 710 3601,54802
Melita,2020-06-18,false,+86 877 587 7103,34449
Tommie,2024-06-05,true,+86 214 196 8154,54096
Christos,2023-09-29,false,+380 315 827 7573,26223
Gareth,2021-05-08,false,+212 220 399 3822,56445
Junina,2024-01-23,true,+86 807 479 1737,21163
Clayborn,2020-05-07,true,+970 317 252 3256,56900
Robenia,2025-04-10,true,+46 285 112 4699,20325
Goldia,2021-11-20,false,+55 583 558 5769,1607
Erasmus,2024-07-11,false,+591 172 332 6316,74337
Fionna,2023-07-20,true,+46 318 503 3843,60592
Gare,2023-11-19,false,+63 186 800 9726,45578
Petrina,2020-12-20,false,+48 804 348 2043,27655
Doll,2020-12-07,true,+381 491 903 0327,67189
Tamra,2021-11-27,false,+86 673 472 3730,9525
Giovanni,2020-04-13,false,+7 683 718 7835,70883
Martha,2022-10-22,true,+86 888 294 0635,12291
Arline,2021-02-12,false,+64 293 809 5853,32468
Dannel,2021-02-24,true,+57 333 523 1492,26410
Aldrich,2021-03-06,true,+86 827 742 6268,29833
Pearline,2022-03-28,true,+48 940 728 7867,1695
Robyn,2019-11-27,false,+58 300 387 0022,59077
Niel,2022-09-05,true,+44 186 938 5813,95065
Imelda,2020-10-17,true,+351 940 906 0483,43611
Rochester,2022-02-16,true,+599 959 166 5315,81110
Enoch,2023-08-10,true,+86 545 464 3861,63186
Flore,2024-03-28,false,+7 465 411 2252,96539
Mufinella,2021-03-26,true,+352 263 685 0861,90699
Richmound,2022-06-11,false,+86 960 138 3307,92229
Inglebert,2022-05-02,true,+86 453 929 3642,32112
Zondra,2022-07-09,true,+86 982 974 2746,27413
Aile,2020-03-29,false,+27 752 730 0517,21570
Clarine,2022-02-23,false,+234 616 878 4614,91657
Hewie,2022-08-10,true,+81 920 573 1979,59773
Blythe,2021-03-29,true,+62 512 556 6801,82646
Ardine,2024-04-14,false,+81 993 943 2356,35235
Roderick,2025-07-20,false,+48 960 428 6683,9880
Derry,2023-01-19,true,+62 346 589 7437,29634
Annabel,2021-08-22,true,+387 207 594 3630,61157
Roselia,2024-04-19,false,+33 693 192 2786,98429
Bevin,2021-10-12,false,+351 791 486 7008,6728
Robenia,2020-11-25,true,+62 659 206 7612,28687
Dasi,2024-02-04,true,+48 968 171 9284,29560
Sigfrid,2022-07-21,false,+81 100 163 7399,15972
Devin,2023-10-27,true,+62 879 642 3321,27143
Paloma,2020-10-29,true,+33 312 980 0661,44779
Jamaal,2020-06-18,true,+62 154 999 8082,24633
Jess,2023-11-12,true,+590 579 489 2232,91347
Loella,2023-12-10,true,+351 851 874 3801,62998
Monti,2024-11-09,false,+62 908 673 5177,63918
Hadlee,2022-10-04,true,+230 192 276 7073,45374
Deloria,2021-07-14,false,+242 822 710 7529,68112
Ferrel,2021-04-07,false,+377 858 195 6453,98302
Lyn,2021-05-17,true,+216 684 442 5489,92106
Worthy,2023-11-12,false,+62 247 264 1583,87050
Marrilee,2021-12-04,false,+84 806 861 9779,9478
Vic,2021-02-16,true,+54 498 906 2218,58003
Marty,2023-11-25,false,+55 361 817 5027,95502
Asa,2021-06-11,false,+60 915 556 7228,53310
Kiri,2024-12-17,false,+81 901 973 7245,54422
Antoni,2023-09-15,true,+55 567 289 2929,46783
Rickie,2023-02-17,false,+62 612 660 5331,89292
Cairistiona,2021-08-15,true,+62 800 493 4857,72008
Judas,2020-08-06,true,+7 310 694 7411,61360
Zane,2022-10-04,true,+62 895 142 1733,30119
Joaquin,2024-04-10,true,+7 978 454 2803,83635
Paddy,2022-01-22,false,+86 907 485 8404,85169
Blake,2020-06-20,false,+420 223 805 9159,83289
Rancell,2020-01-30,true,+55 646 142 5601,66621
Saunders,2025-07-03,true,+220 336 200 7219,70218
Kariotta,2024-10-21,false,+7 302 349 7216,95609
Coop,2020-04-27,false,+967 580 799 6396,59193
Purcell,2020-09-15,true,+7 513 160 6907,27077
Gavra,2025-05-14,false,+54 661 651 3599,9221
Reinaldos,2024-01-05,true,+353 540 501 7213,63820
Adriaens,2020-12-28,true,+358 989 553 1724,17440
Rena,2022-04-05,true,+86 483 911 0066,30022
Lucilia,2022-11-03,false,+7 952 725 6834,70441
Constantine,2024-09-16,true,+86 176 255 4837,34165
Lexine,2020-03-03,false,+56 848 760 8036,61101
Sibella,2019-12-24,false,+86 225 690 2740,70102
Johannes,2020-05-29,false,+7 408 114 7523,87102
Catharina,2022-01-28,true,+30 773 530 8912,5856
Elspeth,2024-03-22,false,+63 643 921 6372,92634
Melli,2019-12-30,false,+48 516 743 9551,3497
Anna-diana,2021-08-25,false,+86 779 781 4320,76844
Lorne,2019-11-08,false,+7 966 435 4123,530
Gordan,2023-11-19,true,+994 896 531 8994,5995
Happy,2022-02-10,false,+351 297 984 4957,33420
Timmie,2024-06-13,false,+504 885 520 5291,22978
Willie,2022-03-03,true,+7 251 771 7681,14325
Patrizius,2023-06-14,false,+84 168 554 9933,97964
Rabbi,2020-04-13,false,+7 858 720 3016,16155
Cello,2023-08-16,true,+32 119 187 0230,51275
Alida,2023-07-02,false,+86 769 832 1824,21054
Dermot,2024-02-21,true,+81 637 698 7963,77004
Martita,2025-03-07,false,+46 849 308 2670,61629
Evangelina,2024-09-01,true,+237 643 833 9292,30901
Omero,2023-04-28,false,+55 306 668 2707,3752
Averell,2020-06-29,true,+86 276 287 9867,47915
Oby,2024-03-21,false,+66 418 633 6309,17216
Rudy,2019-11-03,true,+66 460 437 5951,63322
Eli,2021-03-11,true,+55 483 187 5654,97262
Chane,2024-08-19,true,+86 853 996 5449,27813
Tani,2023-02-09,false,+373 887 207 6077,50291
Gian,2022-07-04,false,+30 461 763 1192,38575
Salaidh,2020-09-13,true,+48 875 439 0598,87633
Cedric,2022-01-15,false,+86 797 853 4981,4315
Agnola,2021-02-09,true,+62 623 846 1868,98917
Megen,2024-12-16,false,+233 954 803 8479,21580
Kara,2020-01-07,true,+46 746 468 6566,9808
Terrijo,2022-03-21,true,+94 819 774 3401,4346
Eugen,2020-07-20,false,+420 436 670 2471,13702
Edwina,2023-10-19,true,+357 200 930 6207,5434
Valentin,2020-08-31,true,+33 675 595 0507,47931
Letizia,2022-07-01,false,+86 332 709 5622,78195
Meggy,2020-02-22,true,+47 201 997 0691,52309
Peria,2020-09-15,true,+86 106 684 5885,93490
Alley,2025-09-18,true,+7 909 513 1964,90842
Virgina,2020-01-22,true,+55 125 254 2676,94583
Camey,2021-01-08,false,+47 418 829 2520,91216
Bernadine,2021-10-13,false,+33 792 639 9696,7555
Celia,2022-06-05,false,+63 686 562 2605,92347
Carlyle,2023-03-26,true,+92 342 714 3607,26068
Marcellus,2022-02-01,true,+62 665 686 7301,12747
Emmie,2021-06-03,true,+86 958 774 5160,97703
Prescott,2021-06-14,false,+7 627 862 6327,71491
Con,2021-06-11,false,+57 831 549 8348,31610
Joyann,2023-05-22,true,+30 218 629 7216,53074
Sheelah,2020-05-12,true,+1 713 968 0642,17155
Zachery,2025-03-07,false,+66 807 745 1947,73454
Robbie,2022-04-12,true,+7 312 910 7033,55830
Flossi,2021-07-17,true,+92 130 688 7828,28817
Patsy,2020-12-15,false,+220 672 206 7600,99801
Dewitt,2024-08-07,true,+86 984 929 8300,21310
Keith,2020-01-24,false,+1 476 685 8704,66918
Miguelita,2024-06-18,true,+86 364 860 3493,96901
Evangelin,2024-03-24,false,+86 682 440 9474,70225
Oliver,2022-12-29,false,+86 850 490 8150,17901
Eleni,2023-07-19,false,+81 263 279 2314,92290
Belva,2024-04-17,true,+504 294 499 8328,6928
Jacinda,2022-09-28,true,+252 369 828 5740,2073
Kaile,2021-06-18,true,+27 851 859 6815,38278
Krishna,2020-03-15,false,+62 298 990 2113,35688
Joan,2021-06-11,false,+351 386 311 2183,56650
Nicole,2020-03-13,true,+976 462 521 3334,83851
Aliza,2024-07-21,false,+420 726 627 6013,4179
Langston,2020-11-07,true,+86 434 465 6634,88158
Konstantine,2023-04-19,false,+389 257 463 4688,29483
Rubia,2024-01-27,true,+48 160 432 2947,15299
Addison,2022-12-16,false,+86 350 421 5089,13766
Guendolen,2020-10-07,true,+7 879 327 3703,48019
Margie,2021-02-08,false,+33 836 140 4201,6500
Reinald,2020-09-08,true,+86 567 805 1670,44612
Cheston,2020-12-11,true,+47 349 933 8903,402
Verene,2024-04-29,false,+994 144 839 9992,3133
Freeman,2025-04-17,false,+55 884 429 7109,83353
Sam,2023-06-21,true,+84 673 363 2947,83951
Lenee,2024-03-22,false,+63 166 940 8007,18423
Torrie,2020-07-18,true,+48 893 231 9379,79460
Will,2021-03-16,true,+58 350 510 6502,1340
Keene,2021-06-07,true,+48 199 533 6825,38514
Lindie,2021-12-06,false,+1 214 359 7845,52945
Prudi,2021-02-06,false,+383 473 619 6014,17353
Ketti,2022-01-03,true,+359 187 781 4967,75957
Ambrose,2025-03-20,true,+63 759 570 3336,70248
Doris,2024-03-03,true,+48 849 223 9961,88723
Enriqueta,2022-07-17,false,+86 649 636 0407,1534
Valaree,2021-07-13,true,+7 541 312 1209,69190
Lavina,2025-03-28,true,+7 840 503 8410,40229
Leonardo,2023-11-24,false,+504 294 113 5524,1950
Ephrayim,2022-09-29,true,+47 353 652 5940,82175
Sander,2025-02-08,false,+62 569 878 7973,59504
Alayne,2024-12-06,false,+62 565 487 0116,77816
Kelci,2022-07-11,true,+57 613 601 2681,76
Cloris,2022-01-09,true,+60 379 150 8374,97826
Gill,2023-06-24,false,+502 635 760 9800,36024
Miriam,2024-04-12,false,+93 372 840 0921,51251
Stephie,2024-10-29,true,+86 379 361 8033,32901
Mellisent,2023-08-03,true,+57 627 570 4633,75887
Donetta,2025-02-11,false,+255 590 474 3715,77007
Rozele,2021-06-14,true,+62 156 264 5427,13402
Hansiain,2022-04-07,true,+86 651 351 3039,97699
Fredrika,2022-05-13,true,+48 215 570 5790,30185
Tricia,2020-03-23,true,+57 384 827 1649,47702
Darleen,2023-05-22,false,+63 381 518 4613,31591
Garland,2024-06-04,false,+86 552 234 6768,49962
Eugene,2020-04-16,false,+63 399 338 6249,18260
Terrence,2020-08-26,false,+351 904 148 4841,96440
Lida,2020-11-19,false,+257 947 276 0075,26383
Sullivan,2024-05-27,true,+356 297 136 9207,28323
Johna,2020-07-09,true,+82 419 752 2874,79808
Antonia,2021-12-13,false,+81 629 152 0485,82470
Giffie,2023-11-01,true,+66 679 388 4858,97011
Hulda,2025-08-31,false,+86 898 979 6671,14446
Joshua,2024-12-15,true,+48 243 168 0137,33512
Tabby,2023-08-15,false,+30 832 288 8231,35099
Sigrid,2025-05-18,true,+63 541 146 9738,71430
Celinda,2022-02-03,false,+86 721 134 8678,31984
Nicoli,2024-04-29,true,+52 264 706 0501,17715
Serge,2021-04-07,true,+1 512 586 8894,61052
Leelah,2023-10-21,true,+86 604 390 5691,88482
Hillyer,2025-02-23,false,+81 269 633 9784,38312
Morgan,2020-07-01,false,+51 444 710 0926,44464
Sylvester,2023-11-02,true,+234 324 371 7070,41463
Terence,2024-05-23,true,+86 807 949 3905,7835
Ninnette,2023-12-31,false,+57 184 234 2282,62580
Pru,2019-12-02,false,+55 522 386 0907,99680
Michel,2024-04-29,true,+86 660 996 9655,46832
Farr,2021-09-27,false,+64 537 823 9580,6779
Elbertine,2021-06-13,true,+55 219 900 8463,4563
Hodge,2020-03-19,true,+62 785 359 5148,12818
Jess,2021-01-05,false,+46 994 838 1694,21226
Thornie,2021-12-02,false,+86 964 138 4543,88412
Jorrie,2022-04-04,true,+269 409 490 7136,46124
Veronique,2022-06-03,true,+64 917 305 2066,82347
Kristo,2024-07-22,true,+976 785 739 1452,27125
Minna,2023-07-22,true,+90 631 998 9289,25253
Eb,2023-04-12,false,+48 183 818 8854,95306
Kurt,2024-06-08,true,+86 787 682 0065,92036
Viviana,2020-10-03,false,+52 489 465 1479,47273
Spense,2024-02-02,true,+33 596 753 9368,57646
Horace,2020-02-04,false,+55 661 911 5273,97054
Gypsy,2021-11-30,true,+48 918 697 0670,75262
Charmion,2021-02-12,true,+55 397 926 4480,52944
Bidget,2022-01-12,false,+370 477 112 3677,70264
Kaleena,2023-10-01,true,+49 631 410 8417,27461
Morgana,2025-08-14,true,+212 421 410 9435,44634
Chelsy,2022-01-31,false,+86 605 820 0152,57401
Melina,2019-11-19,true,+58 862 440 1840,34695
Roberto,2022-02-03,false,+62 233 383 4925,79316
Gwendolin,2020-05-15,true,+49 933 343 4120,58847
Claudette,2021-06-22,true,+62 649 410 3084,36564
Marybeth,2023-05-10,false,+56 731 259 1512,13153
Rebeka,2023-10-26,false,+33 823 264 6986,90634
Austina,2020-11-11,true,+62 289 573 4733,69432
Bianka,2022-02-14,true,+974 126 128 9289,23856
Annie,2021-05-07,true,+7 687 141 4807,3339
Costanza,2021-07-28,true,+86 724 818 3358,86158
Shela,2020-07-12,false,+48 338 668 5086,43513
Eachelle,2024-05-14,false,+48 423 457 9213,75776
Rafferty,2023-12-02,true,+976 988 509 8833,9711
Ansley,2021-10-25,false,+7 700 302 1793,3238
Marcel,2024-01-02,true,+54 481 593 8321,79487
Donelle,2022-02-10,true,+389 736 472 7268,23793
Marnie,2025-09-03,true,+62 645 506 6898,2041
Colby,2023-05-02,false,+48 775 400 0903,94227
Gardiner,2024-01-15,true,+34 987 519 0665,99325
Antoinette,2020-04-05,false,+62 794 111 0416,87941
Hillery,2020-01-31,true,+52 547 138 8125,60048
Brad,2021-09-23,true,+54 879 173 6390,86388
Valaree,2025-06-26,true,+82 666 912 6261,88339
Nicholas,2021-01-19,false,+62 278 989 3661,71343
Anallese,2021-01-16,false,+86 568 335 7139,95610
Sissie,2024-02-28,true,+1 979 955 8673,62388
Nanette,2022-05-20,true,+86 544 378 2542,67756
Mary,2024-01-04,true,+380 902 324 8665,31355
Larine,2020-07-06,true,+39 986 119 4474,60114
Polly,2025-09-10,true,+505 318 401 8375,11932
Sanford,2023-11-23,true,+86 383 318 9975,55205
Ansley,2020-06-13,false,+86 999 800 5787,60961
Jandy,2023-11-05,true,+62 223 766 9935,48659
Isaak,2024-07-04,true,+63 385 503 0590,89117
Kellby,2021-05-02,false,+992 180 263 1488,69757
Terry,2024-11-07,true,+62 589 156 4500,70477
Ebonee,2022-05-08,false,+66 837 471 7292,44240
Jazmin,2024-08-10,false,+381 410 909 9028,14166
Audry,2024-05-28,true,+255 650 876 4456,63037
Tadeas,2022-02-21,true,+7 875 734 6334,71801
Starlene,2025-04-11,false,+66 570 748 7171,71470
Adriena,2025-07-05,false,+63 680 259 7771,65496
Micaela,2020-09-25,true,+86 750 774 3760,11132
Al,2024-05-23,true,+86 359 234 7700,41344
Gerda,2025-06-09,true,+54 897 375 6693,10479
Elana,2023-11-05,false,+380 831 673 8117,18680
Urson,2022-11-04,true,+381 149 908 4460,87482
Dennie,2024-04-11,false,+7 215 952 7622,43319
Zak,2025-03-04,false,+49 356 695 5695,67240
Mattheus,2021-10-29,true,+355 734 517 0415,31214
Mal,2021-06-28,false,+86 637 640 4329,87251
Pansie,2022-01-15,false,+86 476 799 5821,26116
Teodorico,2023-09-19,false,+1 331 774 9105,83433
Ronald,2024-09-25,false,+62 732 112 5422,69563
Dniren,2023-02-21,true,+27 683 195 5475,77286
Tiler,2023-03-15,true,+66 670 592 8218,87146
Krystal,2023-10-09,true,+382 415 564 9228,48060
Ritchie,2024-12-17,true,+46 936 538 5497,56516
Averyl,2022-12-28,true,+62 694 577 0053,22071
Fayina,2022-06-18,false,+55 689 803 0983,45325
Cornall,2023-04-03,false,+44 910 803 1540,21268
Skylar,2025-04-02,false,+62 908 175 4890,71986
Saundra,2023-06-07,false,+1 101 236 0271,36137
Mordecai,2022-02-09,true,+63 566 731 3427,85314
Lamar,2024-10-09,false,+66 646 604 1714,25818
Thia,2020-04-15,true,+380 453 717 1563,21841
Munroe,2025-04-11,false,+86 342 765 9105,1304
Kimberlee,2023-12-06,false,+62 659 249 1113,19221
Sampson,2024-02-09,false,+504 813 315 9381,10248
Graehme,2020-10-08,false,+54 412 920 0169,98422
Iona,2022-04-28,false,+86 325 441 9028,58837
Clemente,2021-01-25,false,+375 108 359 3482,34498
Mariejeanne,2020-01-02,false,+7 540 641 1253,17836
Brennan,2023-09-07,true,+7 887 987 0278,72558
Read,2024-05-23,false,+46 391 504 1737,7871
Clarabelle,2021-07-02,false,+58 111 848 7079,15007
Elwin,2020-03-22,true,+62 590 153 5628,8421
Lodovico,2022-11-01,false,+86 339 729 1636,27342
Sydel,2024-04-15,false,+31 215 288 4897,86897
Bronny,2020-02-22,true,+7 697 752 8842,7753
Leta,2022-05-18,false,+33 690 809 0368,39
Barbabra,2025-04-27,true,+63 568 986 2313,47214
Ronny,2021-04-27,true,+27 738 203 7030,41248
Cordell,2021-04-08,true,+234 345 732 6422,46111
Araldo,2023-05-26,false,+850 622 537 2875,12036
Alecia,2023-03-24,false,+86 205 838 0395,76467
Simone,2024-10-09,false,+86 162 583 8279,79668
Dallon,2025-02-17,false,+253 884 242 8886,53269
Guthrey,2025-09-18,false,+81 957 611 9027,75353
Margy,2023-10-25,true,+86 378 628 1348,49832
Kris,2021-07-13,true,+420 981 658 5637,15841
Gregorius,2020-07-12,false,+31 278 222 9783,57537
Jens,2023-01-23,false,+502 891 921 2811,43544
Colby,2025-07-29,false,+380 688 746 6896,95714
Kristo,2023-05-06,true,+86 145 899 1835,32630
Trudey,2022-02-21,true,+62 648 395 9495,39958
Donia,2019-12-15,false,+86 625 189 7828,72845
Adrian,2023-10-15,true,+86 883 770 2492,82225
Candis,2023-05-14,false,+86 721 707 4565,25372
Elijah,2025-08-08,false,+86 406 358 8439,21114
Theresita,2021-12-25,false,+46 850 382 7515,15364
Denney,2022-03-01,false,+1 915 681 8110,95891
Meggy,2022-02-13,true,+86 136 680 0964,27724
Sibby,2025-04-22,false,+62 374 550 3217,64679
Lulita,2022-04-24,true,+46 491 344 9591,8900
Caryn,2025-02-14,false,+381 481 527 6623,76843
Norry,2020-04-09,false,+54 889 728 8342,59571
Paulina,2021-01-31,false,+86 495 281 5748,84236
Prudy,2024-11-08,false,+351 153 612 7493,58529
Rania,2025-01-03,true,+7 305 467 1803,3611
Boycie,2020-04-06,true,+53 864 597 2858,21235
Erena,2022-07-10,false,+7 692 928 9145,12878
Kris,2020-04-22,false,+48 957 149 9175,60625
Elyssa,2019-11-27,true,+62 719 662 4757,84541
Jacques,2022-11-11,false,+7 358 967 1755,55616
Courtnay,2025-04-09,false,+62 632 136 7705,72021
Dewitt,2020-11-03,true,+7 153 760 2327,52510
Jewell,2020-01-16,true,+52 819 949 1253,33572
Durante,2024-10-28,true,+86 126 980 3931,80147
Marinna,2022-12-04,false,+351 572 542 5571,16377
Chane,2021-02-21,true,+48 734 407 6977,92984
Mignon,2022-03-19,true,+54 440 431 1848,92665
Sheba,2021-09-10,true,+504 100 131 4303,88663
Kennie,2020-12-13,false,+7 134 898 1064,25510
Alexandra,2022-02-03,true,+7 378 578 9926,42147
Letitia,2024-08-15,true,+30 320 851 4007,76498
Grantley,2020-03-18,false,+48 149 825 4538,10715
Clem,2023-11-16,true,+62 343 952 2325,44307
Lenora,2020-11-12,true,+62 939 186 2307,13676
Claire,2021-03-01,true,+86 428 498 0052,82216
Nadine,2024-01-06,true,+212 290 280 6195,92760
Alysia,2021-12-27,true,+261 881 267 7740,8043
Lazarus,2024-07-05,false,+7 306 751 1252,40065
Aveline,2020-11-18,false,+86 932 968 6386,33057
Aaren,2019-11-25,false,+62 948 170 4722,52285
Murial,2023-01-05,false,+7 172 753 2907,38839
Perren,2022-06-26,true,+255 568 587 7356,87509
Tracie,2025-08-11,true,+55 400 414 4887,55501
Vale,2022-05-31,true,+7 556 142 2262,61114
Parsifal,2021-06-27,false,+46 809 116 9684,88323
Caryl,2023-05-11,true,+353 991 586 8463,78970
Libbi,2020-08-26,true,+66 969 467 6991,67179
Sande,2021-05-07,false,+63 944 916 4086,61800
Vladimir,2021-04-04,false,+86 416 869 6289,69021
Taite,2025-07-05,false,+54 184 468 5480,59394
Matias,2019-11-17,true,+58 167 859 3329,52858
Carissa,2020-06-01,true,+48 910 215 2373,6525
Rube,2025-03-22,false,+63 247 698 5237,30085
Jamima,2023-09-08,true,+63 712 275 2433,55564
Arvie,2021-09-12,false,+385 552 349 5900,38418
Binni,2021-12-02,false,+62 898 781 5522,32548
Abelard,2024-07-25,true,+86 357 218 5279,81707
Kyla,2020-07-04,false,+52 228 810 8060,69098
Ade,2024-01-26,false,+7 386 138 1621,97011
Kathryne,2023-03-14,true,+380 622 591 4170,17592
Benny,2022-02-02,false,+55 909 198 5628,77536
Thea,2024-10-08,false,+970 531 804 5890,18164
Traci,2022-08-10,true,+86 698 215 7146,68564
Lettie,2022-05-15,true,+86 670 570 7107,49481
Nedda,2022-03-31,false,+351 413 387 9657,22312
Glynis,2020-11-25,true,+7 767 138 9363,88717
Coleen,2019-11-06,false,+27 727 415 6795,65872
Chicky,2021-09-07,true,+62 345 266 4479,81391
Nicoli,2024-05-07,true,+54 741 986 7943,65769
Bay,2025-03-01,true,+48 337 464 2559,97690
Anya,2021-04-16,false,+98 346 212 6811,26280
Bert,2020-11-06,false,+970 104 860 3248,37597
Kati,2019-12-24,true,+82 428 835 5364,9081
Carlota,2024-07-19,true,+62 455 822 6999,1909
Read,2022-05-10,false,+380 535 564 2588,54010
Waly,2021-01-14,true,+7 327 714 7598,67869
Carolina,2021-08-02,false,+86 693 969 9143,32210
Darell,2024-04-26,true,+30 913 172 5743,8839
Lombard,2020-02-10,false,+86 190 535 3100,27568
Lewie,2022-07-16,true,+51 990 107 4060,60725
Cathrin,2020-07-29,true,+86 646 241 1907,64817
Xaviera,2023-11-14,false,+62 495 383 9413,94034
Jessie,2021-11-25,false,+371 532 515 0818,4312
Jacqueline,2024-01-09,false,+62 608 413 2918,84341
Alphard,2025-09-09,true,+48 709 690 8951,75485
Afton,2020-03-23,false,+1 846 790 2204,44950
Milena,2024-01-30,true,+998 888 343 0020,93093
Urbano,2023-01-18,true,+358 785 967 2104,44460
Donielle,2023-06-16,false,+55 815 586 8287,61837
Karolina,2023-03-26,false,+1 527 804 6214,69677
Anabel,2022-06-26,true,+266 258 782 3392,860
Palm,2023-07-21,true,+691 150 630 5454,78361
Tripp,2021-05-29,true,+86 308 696 3904,74723
Alicea,2022-01-31,false,+46 913 383 9650,74729
Helaine,2021-01-05,true,+1 775 745 8551,44720
Marketa,2024-10-18,false,+358 115 525 8145,54899
Abel,2023-03-08,false,+55 729 403 5024,39006
Calley,2020-12-20,true,+234 438 309 0965,462
Hamel,2024-01-01,true,+46 779 515 9681,80221
Nadine,2023-06-25,true,+86 697 910 3184,55822
Albert,2022-08-19,false,+86 524 183 4642,73682
Damon,2021-11-13,true,+86 333 154 4997,31652
Aloysia,2022-04-01,true,+33 133 747 9228,75474
Betsy,2023-03-14,false,+62 315 294 4228,79947
Whitney,2023-05-01,false,+53 534 636 6048,52832
Moyna,2020-09-24,true,+351 291 727 3837,77748
Steffi,2024-11-10,true,+84 824 870 0592,77514
Phineas,2024-12-29,false,+66 388 348 8162,63579
Alleen,2024-02-02,true,+33 925 363 0965,20549
Ella,2023-03-18,true,+82 815 746 0911,40296
Netta,2024-06-26,true,+48 992 754 5785,69097
Randie,2021-01-05,true,+62 291 632 9831,56544
Latisha,2023-01-07,false,+62 906 105 1344,23228
Dorey,2022-09-26,true,+86 443 520 4008,47791
Ryann,2020-07-04,true,+7 284 953 7598,31587
Vail,2025-05-17,true,+291 260 283 7888,88283
Gannie,2024-09-25,false,+48 444 283 8818,86689
Myrlene,2024-03-13,false,+86 394 466 4605,61630
Hillery,2022-01-24,true,+62 833 691 9236,15792
Tobe,2025-04-04,true,+63 714 640 6228,58819
Liam,2020-03-11,true,+63 132 964 6166,45125
Aline,2025-08-14,false,+62 380 181 3650,81601
Logan,2022-02-14,true,+1 962 514 3697,42203
Trix,2025-06-02,false,+52 921 896 3257,28900
Dodie,2020-09-02,true,+81 326 629 8249,43201
Ernesto,2022-12-18,false,+86 841 402 8392,12251
Fania,2023-08-13,true,+86 305 473 5024,66521
Rainer,2020-10-01,false,+86 410 408 6892,22259
Stephana,2022-04-06,true,+1 721 745 7205,40551
Libbi,2020-05-09,false,+265 487 445 3730,29401
Filmore,2024-07-10,false,+54 229 946 8574,88423
Kari,2022-06-21,false,+84 296 622 7312,54773
Gustaf,2021-12-16,true,+86 750 737 6155,14661
Edlin,2020-09-01,false,+994 378 214 8268,25764
Anna,2021-01-06,true,+7 899 207 9130,30939
Meris,2025-09-12,true,+221 263 422 2258,51509
Mikael,2024-02-10,true,+7 728 659 0951,75577
Karry,2021-04-26,false,+249 137 222 1378,57594
Ashleigh,2024-05-12,true,+385 793 178 4393,3216
Mal,2024-02-14,true,+62 473 420 0054,98676
Ash,2021-03-13,false,+374 624 465 4478,45606
Gladys,2024-04-21,true,+351 682 290 6868,56325
Livvie,2024-05-18,true,+48 809 819 8653,77831
Freeland,2022-07-05,true,+63 728 146 7738,57291
Barny,2022-10-23,false,+55 328 327 3883,25019
Donn,2024-02-18,false,+7 531 652 5182,47908
Mano,2021-03-31,false,+41 941 999 6843,68583
Jarret,2023-04-22,false,+375 368 391 8589,58666
Zorine,2020-03-12,true,+55 951 928 0511,36715
Herc,2021-09-26,false,+86 877 908 1807,19174
Lynna,2020-12-24,false,+86 573 713 7406,28472
Hayden,2025-05-04,true,+370 372 577 8039,1959
Bernetta,2025-05-12,true,+63 607 666 1956,7952
Leontine,2022-12-20,true,+380 925 828 2955,7271
Reinwald,2025-07-04,true,+86 678 713 6400,84316
Ferrell,2024-02-08,true,+51 103 330 6718,13474
Natasha,2023-09-17,false,+420 769 351 8555,58685
Esteban,2024-11-15,true,+55 292 310 5338,47500
Clarabelle,2021-12-12,false,+55 828 904 2286,79149
Ryon,2021-04-24,true,+86 568 384 8275,13296
Nickolas,2023-08-31,false,+420 425 347 9504,55433
Penn,2021-05-10,false,+7 965 294 1422,95837
Lenna,2025-01-12,true,+62 589 461 7937,65418
Ettore,2022-02-03,true,+55 446 743 1421,95943
Felisha,2022-04-25,false,+55 552 184 1466,27786
Elmore,2023-10-23,false,+220 256 840 0480,13218
Mireielle,2023-04-07,true,+46 214 455 2948,51576
Laurice,2024-02-29,false,+86 576 646 6764,10150
Constantine,2021-11-04,false,+46 544 359 9533,69952
Wilhelmine,2023-12-14,true,+86 458 517 0396,58354
Haywood,2021-10-08,false,+86 568 599 1773,32031
Calla,2023-05-18,true,+66 975 936 3815,5875
Colver,2024-05-07,false,+7 780 777 5802,90600
Brina,2024-06-07,true,+48 418 273 9650,10852
Lincoln,2019-12-10,false,+886 375 673 8288,95737
Auria,2021-01-23,true,+86 861 417 7108,80099
Sherri,2023-01-20,false,+62 717 309 0555,44876
Ingar,2022-06-02,true,+48 502 575 0236,92094
Joletta,2023-09-04,true,+7 685 193 7649,18523
Casi,2022-12-22,false,+36 831 995 3285,21094
Virgil,2024-08-28,true,+233 569 259 8769,78167
Bradford,2023-07-01,false,+593 138 799 3864,6492
Audy,2020-09-22,false,+383 573 160 8221,42405
Leonerd,2022-12-04,true,+62 288 742 4000,35738
Nicko,2024-11-08,false,+86 540 644 9328,15306
Burk,2022-01-28,true,+98 971 976 2881,88368
Sonny,2020-11-18,true,+62 293 752 7535,8525
Steven,2021-08-03,true,+385 146 898 4198,88845
Cointon,2021-04-01,true,+970 886 839 2039,86885
Ricki,2024-11-14,true,+55 329 324 2158,65257
Worthington,2023-12-03,false,+86 877 235 6924,66309
Brade,2022-10-30,false,+7 663 436 1382,81031
Giselbert,2021-07-19,true,+55 366 203 7371,77317
Phaidra,2024-02-04,false,+351 846 258 5997,79615
Tracey,2022-09-03,false,+223 214 516 5077,96411
Hannie,2022-05-05,false,+62 845 289 8469,58801
Leeann,2021-06-05,true,+55 541 716 7453,84805
Raynor,2021-09-13,true,+1 817 961 9134,61248
Denys,2024-12-15,false,+389 575 340 2006,96955
Moina,2020-06-01,true,+48 201 816 5370,14251
Siegfried,2020-03-21,true,+30 414 780 3309,83295
Desmund,2019-11-24,false,+86 979 559 8991,44329
Meir,2020-04-11,false,+7 591 531 9432,82889
Bill,2023-11-14,true,+353 764 981 5758,96888
Devonna,2023-02-20,true,+86 712 911 9985,69035
Karoline,2024-01-28,true,+86 917 497 1028,73889
Gibbie,2023-01-30,false,+46 118 791 3809,35894
Thomasina,2020-09-25,true,+92 685 779 3887,62688
Robbie,2024-01-18,false,+7 615 944 7298,33751
Artie,2023-01-25,true,+51 457 536 3991,10511
Dilly,2021-12-22,true,+86 633 126 4186,18774
Carrol,2019-11-17,false,+358 412 771 9330,1469
Lorenzo,2020-11-10,false,+86 549 461 3176,6182
Susanne,2024-03-21,false,+63 211 818 9836,1839
Wilden,2022-03-14,true,+420 923 370 1240,43618
Lydon,2021-01-28,true,+380 691 779 3246,89340
Renell,2020-04-27,true,+250 772 207 3156,72948
Waldemar,2024-11-08,true,+86 266 510 6321,85110
Chris,2021-07-12,true,+51 507 891 2141,5699
Ryun,2025-06-16,false,+63 543 789 9685,9776
Zandra,2023-01-28,false,+48 626 680 6241,22398
Elane,2022-07-08,false,+7 787 418 5258,69223
Isac,2023-09-24,true,+48 149 145 2631,25460
Thorndike,2023-01-19,true,+86 479 705 2405,80562
Genni,2022-08-17,false,+86 540 746 3072,86203
Alis,2021-12-17,true,+850 908 699 9230,81052
Dillie,2024-05-01,true,+7 562 799 5728,56588
Jocelyne,2025-01-15,true,+964 381 626 3778,43252
Gretal,2023-04-16,false,+63 539 886 2982,68283
Shela,2025-08-21,false,+55 759 571 5388,96266
Georg,2020-11-23,true,+82 446 952 4418,60699
Kiersten,2025-06-04,false,+86 559 857 8567,69678
Jocelyne,2025-08-02,true,+420 454 550 9496,30190
Loy,2020-02-10,true,+86 768 890 0706,50701
Idell,2021-04-27,false,+358 505 548 7690,44883
Kahlil,2025-07-06,false,+86 804 211 9752,81421
Garwood,2023-04-29,true,+54 140 306 3210,4524
D'arcy,2021-12-04,false,+7 970 315 7257,11925
Stephanus,2023-01-07,true,+86 599 377 3036,84915
Stephan,2025-06-15,false,+86 350 124 2527,90603
Pauletta,2021-08-23,true,+30 782 471 9131,40313
Marlon,2024-06-21,false,+1 560 105 8625,95826
Shandee,2022-12-20,true,+1 508 173 0436,79087
Prudi,2024-06-30,true,+63 415 129 0973,47029
Hunt,2023-07-11,false,+33 296 121 1636,9905
Correy,2022-05-25,true,+86 791 699 5591,55589
Dierdre,2020-08-16,true,+33 133 550 8182,92481
Heidi,2025-09-11,true,+62 852 463 5560,82944
Renault,2022-02-06,true,+62 699 973 3754,54861
Dulciana,2021-09-30,true,+380 143 185 9415,32915
Conney,2024-02-08,false,+46 243 705 0306,26398
Colleen,2023-04-28,false,+389 611 243 4239,35826
Micheil,2022-12-24,false,+55 399 416 6480,730
Chrotoem,2024-07-23,false,+502 789 825 5175,90997
Dorthea,2022-02-09,false,+1 657 807 0921,17377
Mel,2025-08-30,true,+57 917 280 2925,98725
Zarla,2022-09-27,false,+850 626 520 1112,79888
Herc,2020-01-04,true,+86 448 508 0036,92141
Codi,2023-05-05,false,+52 960 172 8016,14654
Gawain,2023-07-16,false,+7 383 854 7841,95506
Palm,2025-02-11,false,+995 121 291 3958,52982
Lita,2023-11-11,true,+86 301 887 2854,23993
Sidonia,2023-12-26,true,+1 317 570 5624,33615
Adelaida,2024-10-26,true,+62 582 529 6804,13269
Clarke,2022-09-07,true,+81 436 767 5147,43626
Clementia,2020-05-06,false,+229 620 372 5974,13068
Aldric,2021-01-25,false,+62 565 950 9665,19131
Indira,2025-07-31,true,+351 828 231 4927,86880
Davon,2025-03-19,true,+55 961 505 5124,74079
Sashenka,2023-07-09,true,+54 680 372 1772,73236
Nikkie,2025-01-13,false,+27 844 530 2631,22681
Emelda,2023-10-17,true,+7 175 329 6191,72562
Willi,2022-02-12,false,+55 657 146 7272,17428
Kris,2019-12-05,false,+62 301 602 5146,88770
Arthur,2025-08-26,false,+62 900 537 0873,23381
Karel,2023-06-10,false,+62 874 364 4999,69082
Valera,2020-03-23,true,+86 790 909 3060,63017
Gideon,2021-03-11,true,+62 749 296 4844,96016
Purcell,2024-06-22,true,+55 294 747 0499,95439
Nikos,2022-09-21,false,+33 600 601 3646,66545
Cassie,2021-05-10,true,+86 441 898 6316,76523
Garret,2020-04-02,false,+33 885 119 7849,51966
Adel,2020-03-18,true,+86 483 539 9793,80966
Carrol,2025-06-25,true,+44 707 430 3552,60119
Jillane,2024-09-01,true,+86 788 668 4981,5886
Celesta,2020-04-03,true,+30 645 496 3087,44850
Percy,2025-02-16,false,+351 460 587 1450,76210
Karel,2020-04-23,false,+53 409 202 2296,51896
Harmonie,2024-07-03,true,+593 228 311 7719,3789
Lilas,2021-12-09,true,+62 712 254 3271,16014
Jolie,2024-04-11,false,+7 295 708 6499,57870
Ikey,2025-03-12,false,+63 290 816 2087,52488
Aluino,2024-08-25,false,+34 343 833 0899,28960
Lawton,2022-07-28,false,+86 937 154 2943,61121
Wendall,2020-12-06,true,+62 111 284 1500,49273
Maison,2024-03-26,true,+62 416 231 7331,2211
Aigneis,2022-01-17,false,+98 369 302 3727,79598
Saunders,2021-10-15,true,+261 410 103 2001,24615
Nap,2024-03-22,true,+86 375 293 6561,43490
Nanni,2024-08-13,true,+355 126 563 8781,5546
Odette,2023-05-21,false,+55 586 804 8925,80986
Devlen,2020-12-01,false,+84 263 997 8112,55826
Maxwell,2025-01-20,false,+33 319 676 2164,18974
Piggy,2024-01-28,true,+98 441 970 0187,39635
Teodoro,2020-12-26,true,+234 395 267 0490,28115
Rozalin,2022-10-07,false,+234 349 284 3432,39432
Evangelina,2023-01-21,true,+7 411 936 7475,6386
Bryn,2023-04-25,false,+48 224 341 7856,17844
Lena,2024-11-16,false,+30 888 189 7615,49636
Dur,2022-04-18,true,+7 548 593 9436,47840
Carleton,2024-08-20,false,+86 345 632 8693,56190
Philomena,2023-04-20,true,+54 549 533 5782,45297
Meggy,2019-12-02,false,+86 260 163 6193,8229
Katti,2024-10-21,true,+62 176 145 0287,44476
Nikolia,2020-12-18,false,+48 950 576 0597,82857
Brianna,2021-12-14,false,+48 461 986 5825,36983
Kristel,2023-10-28,false,+886 856 791 3765,98981
Gradeigh,2019-11-14,true,+420 917 192 2167,63607
Sofia,2021-09-20,true,+358 263 121 2873,44346
Udale,2022-06-22,true,+62 220 889 0337,45119
Winifred,2025-06-20,true,+46 782 867 3592,15415
Mohandas,2020-12-08,false,+63 148 408 5569,21956
Gamaliel,2023-08-06,true,+51 207 827 4168,22168
Maynord,2024-10-02,true,+233 304 952 3004,31485
Camile,2023-10-02,true,+62 581 799 7292,11315
Walther,2020-01-01,false,+1 515 779 6501,32341
Arlyn,2025-02-06,false,+86 684 469 4092,66046
Welby,2022-07-15,true,+48 854 213 1557,35933
Elnora,2024-01-08,false,+86 284 180 6759,25759
Glenda,2024-08-07,false,+34 416 726 7537,85395
Inness,2025-08-30,true,+86 183 525 0480,44407
Ciro,2020-02-19,true,+62 213 317 5123,51829
Jacky,2022-11-22,true,+261 869 334 0690,80969
Evaleen,2023-06-22,false,+62 315 913 8628,32374
Munmro,2024-03-14,true,+86 256 284 1772,3054
Tierney,2024-05-17,false,+86 346 914 6369,51097
Araldo,2023-01-03,false,+86 807 543 6881,63932
Quentin,2025-07-19,false,+52 500 402 3171,12617
Cly,2025-04-28,true,+81 410 814 2477,4633
Gisella,2025-01-25,false,+55 213 419 2387,66014
Eveleen,2023-04-28,false,+1 967 429 1674,21800
Kelcie,2023-03-03,false,+66 103 309 2672,83574
Keeley,2023-10-05,false,+63 524 355 8808,3742
Micheil,2023-08-21,true,+235 858 597 9239,65189
Alastair,2023-07-28,false,+86 184 818 1796,65383
Cyndie,2020-11-29,false,+51 344 290 3111,64458
Louella,2021-12-09,false,+20 211 406 4724,14349
Madlen,2021-01-15,true,+370 288 137 8322,88684
Marcelo,2023-08-21,false,+62 923 378 9069,68180
Almira,2020-01-03,true,+57 605 468 9186,49992
Hilton,2020-07-21,true,+1 312 362 1475,4635
Karee,2022-06-29,false,+63 236 852 4613,84588
Bancroft,2020-03-29,false,+242 222 329 5204,40889
Kennett,2020-12-14,false,+249 887 561 9371,24269
Dale,2024-06-24,false,+46 834 132 0095,27747
Elwira,2022-05-23,true,+81 793 793 7257,57913
Mitchael,2022-07-09,false,+7 216 704 9360,32598
Aldis,2021-07-20,false,+358 554 127 5385,62551
Emelita,2021-03-10,false,+386 452 597 7577,12042
Briggs,2022-08-10,true,+62 198 103 9283,30902
Chickie,2021-05-24,true,+86 589 809 7619,23533
Ealasaid,2024-12-02,false,+970 351 932 1424,49905
Gerard,2020-03-25,false,+237 254 196 6698,7948
Gerladina,2019-11-20,true,+95 307 450 3033,56352
Vassily,2020-03-23,true,+351 860 523 1358,53328
Elizabeth,2023-08-11,true,+7 462 401 6508,83299
Cosette,2020-06-09,true,+66 440 579 6369,81612
Laurie,2024-10-28,true,+62 422 158 2185,29374
Ebeneser,2022-05-03,false,+1 513 564 6700,25811
Hillie,2022-02-15,true,+86 617 179 1342,67871
Ignace,2022-07-10,true,+84 311 712 2748,47080
Karole,2020-03-17,false,+62 650 378 4640,27916
Suzann,2020-11-17,false,+86 955 989 6495,62242
Teodor,2024-01-19,true,+66 643 111 8088,37613
Giustina,2023-01-15,false,+27 241 631 5005,88359
Yorker,2024-10-22,false,+62 265 342 6836,808
Devinne,2025-01-19,false,+86 777 406 6894,3695
Wendeline,2023-08-25,true,+86 195 419 3462,26024
Gabriellia,2023-07-17,false,+66 563 255 9666,50812
Koressa,2022-08-24,false,+86 401 670 5420,18955
Melisande,2021-10-23,true,+82 217 492 9090,44048
Carver,2020-04-07,false,+55 794 884 4129,79729
Janela,2025-03-03,false,+502 570 293 4891,90418
Ame,2023-09-20,true,+66 951 423 5652,99740
Jehu,2022-06-21,true,+31 866 350 9952,31980
Cameron,2024-09-06,false,+62 314 506 8234,43357
Harlin,2024-08-19,false,+86 354 392 1726,74155
Halie,2019-11-24,false,+62 367 200 5055,22347
Karlee,2020-01-22,true,+380 512 614 1807,56590
Yardley,2021-11-30,false,+63 672 487 3477,65951
Arie,2024-05-19,false,+64 146 569 7360,22447
Geralda,2025-05-16,false,+33 811 811 0349,77083
Aldous,2023-10-29,false,+55 311 145 3764,28279
Egan,2021-02-11,true,+86 823 958 6694,93148
Hallie,2025-08-07,false,+62 334 170 8150,33812
Erl,2021-10-20,true,+235 225 348 2914,75140
Ronnie,2020-10-08,false,+62 538 331 7213,24337
Colby,2021-03-14,false,+31 865 313 2263,48601
Babara,2019-11-10,true,+254 244 833 1970,97670
Guntar,2023-02-12,false,+381 213 696 9073,50783
Siusan,2023-12-17,false,+46 757 960 2305,63985
Felicia,2021-01-29,false,+86 463 912 9160,86277
Justis,2024-01-09,true,+63 610 379 8343,75928
Nahum,2024-07-13,true,+7 500 356 0881,30776
Uri,2021-04-18,true,+371 898 992 6686,7028
Peyton,2022-08-31,true,+86 501 948 8963,10922
Grenville,2020-05-13,false,+30 765 472 1105,98913
Abigail,2024-12-08,true,+57 335 770 0389,62057
Dniren,2020-01-13,false,+216 796 990 3905,48979
Gaelan,2024-04-10,true,+55 874 951 3152,47272
Naomi,2024-03-12,false,+355 766 840 8077,39073
Camel,2023-02-27,false,+63 558 787 6484,60557
Steffen,2022-04-28,false,+20 246 906 6201,72318
Dewain,2020-04-04,false,+48 453 520 5542,16705
Melany,2024-08-01,true,+380 744 250 5790,5514
Dione,2022-12-18,true,+504 460 731 3407,9080
Adolpho,2020-08-23,false,+7 463 753 6161,10319
Dominick,2023-08-15,true,+1 816 271 8638,22055
Arlen,2020-04-21,false,+353 765 589 9188,83239
Lurline,2023-07-17,false,+86 129 111 6375,20942
Hersh,2025-09-02,false,+55 515 772 2510,43045
Shaine,2019-11-27,true,+86 478 542 5166,35803
Griswold,2023-06-24,false,+86 504 409 0520,64187
Cristina,2025-08-19,true,+62 313 899 1825,48045
Becca,2023-05-05,false,+54 106 214 5645,1624
Frederigo,2022-11-01,true,+255 986 636 4795,34495
Teddy,2024-03-29,true,+263 395 885 8477,32073
Orv,2023-02-16,false,+86 406 979 5998,46693
Del,2024-09-06,true,+51 211 516 5692,60839
Justina,2023-12-12,true,+86 979 984 2284,40412
Rollo,2021-11-23,true,+86 610 428 2047,44005
Marcy,2023-08-18,true,+1 516 318 1455,34961
Dwight,2024-05-23,false,+30 201 501 8888,90782
Keane,2020-02-21,false,+381 855 308 8243,4742
Chrissy,2020-09-02,true,+591 792 814 1722,43308
Leeland,2020-01-02,true,+62 527 614 0965,19945
Nert,2024-07-23,false,+86 177 727 8175,36410
Deidre,2023-03-11,false,+48 550 812 7717,38955
Kendre,2022-06-29,true,+62 154 886 6684,67227
Cad,2023-12-04,false,+33 767 954 0889,82352
Zeb,2025-01-26,true,+94 847 159 8422,90059
Siegfried,2021-06-27,true,+62 734 785 8616,32487
Pete,2021-12-28,false,+229 810 986 7301,52919
Mildrid,2023-04-21,true,+86 661 295 5903,58958
Ilsa,2022-09-25,false,+55 686 872 6422,17429
Frances,2022-01-23,true,+62 361 253 8752,63850
Stefanie,2023-03-02,false,+375 881 252 5953,8982
Kerwin,2020-07-26,false,+62 902 606 5268,72909
Carmelle,2021-07-10,true,+7 242 310 2423,74498
Ynes,2024-02-26,false,+55 963 320 4668,23501
Richard,2023-08-22,false,+1 361 345 0928,92469
Lorry,2023-04-26,true,+62 241 161 9389,75406
Bonnibelle,2023-09-12,false,+386 161 976 8091,29127
Vi,2021-02-02,false,+86 615 592 0893,74702
Maia,2021-01-11,false,+385 629 502 3089,4681
Fae,2021-01-20,true,+39 319 749 8138,52692
Katherina,2022-12-27,true,+7 475 501 2993,45981
Rosa,2021-10-27,true,+63 545 740 9801,86625
Crawford,2024-06-26,false,+420 156 914 6476,16265
Donalt,2020-10-17,false,+970 656 664 2873,6458
Leanora,2020-11-14,false,+261 137 512 8746,41063
Elisabetta,2023-05-09,true,+58 177 673 8752,45960
Jeddy,2024-01-25,false,+84 958 997 9896,66794
Konstanze,2020-03-12,true,+998 791 406 9930,67792
Hinda,2020-04-16,true,+86 364 342 0846,4428
Meggi,2024-01-31,true,+54 371 888 2105,44585
Nickie,2021-03-29,false,+51 504 260 0794,28687
Neile,2020-02-16,false,+7 751 747 1695,37925
Cicely,2019-12-12,false,+1 619 318 1943,64694
Magdaia,2020-12-11,true,+86 237 953 0646,5371
Loralyn,2025-07-06,true,+66 208 865 6690,11401
Gabby,2023-11-09,true,+86 764 623 6157,92268
Grange,2025-02-10,true,+55 893 821 1245,91486
Fifi,2020-12-08,false,+51 744 422 0845,9472
Guthrie,2025-06-04,false,+382 519 851 7535,87964
Timmy,2021-11-19,true,+374 537 590 1694,15147
Carmelita,2023-10-29,true,+86 235 891 5612,98286
Reta,2025-01-16,false,+1 756 164 4725,32623
Beverlee,2025-01-25,false,+374 324 798 1737,27957
Goober,2025-09-14,true,+93 435 142 8519,67124
Cherin,2022-04-27,true,+7 479 801 5280,18029
Anders,2020-05-16,true,+55 503 116 3880,70154
Harlin,2021-06-05,false,+62 433 344 4017,93943
Marietta,2020-05-31,true,+380 891 137 6574,33542
Konrad,2022-11-19,false,+33 226 949 4766,83797
Lynnelle,2020-07-14,false,+62 131 619 1852,41237
Callida,2025-04-27,false,+385 773 822 8636,48327
Lorant,2023-02-04,false,+385 776 799 3678,97655
Maude,2025-03-24,false,+48 339 963 6809,45895
Lawry,2025-06-04,false,+86 640 838 0037,38330
Leah,2024-09-20,false,+86 449 762 2103,67274
Darryl,2021-07-25,true,+351 938 231 4601,38792
Derwin,2020-09-02,true,+86 494 454 7306,6631
Vittorio,2022-10-27,true,+234 576 114 7370,46244
Ronica,2020-10-13,true,+389 889 955 6011,45445
Clem,2022-11-09,false,+269 986 849 6536,56590
Glenna,2019-12-13,false,+33 607 722 5911,25291
Vina,2021-07-30,true,+994 535 798 9782,87452
Tris,2024-11-30,true,+86 816 540 6922,8115
Lenci,2020-05-31,false,+1 314 573 5653,34131
Gilligan,2023-11-02,false,+55 802 489 4588,62514
Risa,2022-10-17,false,+261 441 144 7329,62222
Reed,2020-05-13,false,+86 719 945 3838,17928
Natasha,2023-09-08,false,+33 366 811 6913,71403
Jaimie,2024-04-09,true,+48 316 187 0680,40880
Mahmoud,2022-12-22,false,+242 583 670 1979,24072
Judas,2024-06-08,false,+30 324 668 7989,28924
Lainey,2025-03-26,true,+374 242 487 4650,22728
Cornell,2025-03-08,false,+48 589 451 0003,72303
Bert,2020-04-02,true,+380 841 861 0488,10995
Fawn,2022-03-10,false,+62 272 163 0904,50107
Scotty,2019-11-21,true,+62 743 399 6501,60602
Finlay,2023-04-13,true,+62 777 774 2811,56586
Isobel,2022-12-23,true,+92 922 122 9787,93566
Tab,2023-12-13,true,+7 215 375 5847,82867
Lauralee,2019-11-12,false,+592 953 140 2309,97135
Nikolos,2019-12-10,true,+963 765 340 2819,4881
Farlay,2021-05-21,true,+63 514 458 3214,12318
Fan,2024-07-12,true,+48 938 479 1651,21985
Janey,2021-09-11,false,+62 290 664 2222,90864
Welch,2022-01-29,true,+54 308 125 5056,43551
Paule,2022-04-16,true,+386 447 857 1815,92898
Orelie,2022-11-14,true,+55 546 147 4016,15450
Meggie,2022-10-01,false,+62 782 214 3193,9730
Amerigo,2025-08-07,true,+55 237 461 5350,19259
Fara,2021-10-25,false,+54 461 591 5091,18775
Arabel,2021-09-04,true,+33 795 678 7259,35899
Tammy,2022-06-22,false,+86 748 533 6248,84994
Paquito,2022-10-08,true,+86 253 628 0517,45249
Kirby,2024-04-23,true,+86 929 489 3406,79770
Rick,2020-10-22,false,+375 825 437 1178,23159
Arleyne,2022-12-05,true,+62 323 268 5659,91252
Sarah,2020-12-27,true,+30 974 815 4468,43955
Irvin,2025-02-07,true,+507 658 180 0568,35851
Tommi,2022-08-31,true,+62 166 504 7664,21670
Gabriella,2025-02-14,true,+86 910 336 0525,22010
Otha,2024-06-07,true,+52 121 496 3112,37789
Rana,2023-09-15,false,+86 918 825 7532,95485
Pembroke,2024-05-09,true,+353 465 490 3494,68969
Lorraine,2022-06-04,false,+7 217 303 5618,23095
Florencia,2020-04-05,true,+51 178 462 9038,55437
Lyndsay,2023-06-25,true,+502 264 769 0942,46516
Ciro,2021-06-28,false,+62 134 861 1999,90519
Jolie,2023-11-04,true,+86 758 390 9526,18669
Charity,2021-01-10,false,+86 944 578 4090,26409
Bren,2022-09-28,true,+55 886 710 4707,81788
Licha,2022-01-06,false,+62 116 700 5466,77303
Lorette,2022-02-20,true,+7 930 820 4256,37895
Orland,2020-02-16,true,+66 406 176 4373,27778
Tabatha,2021-03-02,true,+970 853 652 8443,79499
Lenora,2021-10-04,true,+86 585 201 1459,35364
Stormie,2022-06-26,true,+33 459 169 0015,67862
Marsha,2022-11-14,false,+46 324 237 2563,83941
Daisi,2023-07-07,false,+63 751 763 5895,15228
Fielding,2022-07-09,false,+46 861 516 8786,45343
Ronni,2021-07-27,true,+93 795 461 0898,50033
Zack,2020-01-06,true,+54 485 189 1275,72993
Britteny,2020-10-16,false,+62 550 661 0090,53560
Viole,2023-05-26,true,+234 598 212 8201,48504
Quinlan,2020-01-14,false,+86 751 578 5969,86298
Minna,2022-01-16,false,+62 839 226 0182,30456
Carlyn,2020-05-28,false,+86 978 542 2892,29796
Eddie,2024-11-09,true,+1 520 930 0186,87298
Calla,2021-09-20,true,+86 275 913 5183,85217
Cathleen,2022-07-16,false,+93 914 437 9425,35032
Lelah,2020-06-06,true,+33 203 540 9799,56067
Norma,2023-02-21,true,+86 939 858 3615,74848
Fredrick,2022-03-20,true,+86 287 261 6230,55432
Ravid,2020-05-31,false,+502 160 320 5826,8831
Rozina,2020-04-19,true,+33 463 461 4004,325
Friedrick,2021-06-18,false,+86 488 660 3863,39027
Woody,2024-01-10,true,+62 824 248 5369,5886
Eddy,2021-04-15,false,+86 148 646 6233,33280
Nial,2023-05-20,false,+60 243 889 6212,46455
Mitchell,2023-07-16,true,+81 681 158 3580,95608
Haily,2025-07-13,true,+234 181 771 5823,65380
Eustace,2024-10-31,false,+7 818 777 8469,35633
Levon,2023-06-26,true,+46 352 961 7575,66102
Vicki,2019-11-02,true,+27 303 564 0386,32228
Margarita,2022-10-31,false,+86 936 836 7073,32716
Derward,2022-04-03,false,+86 523 660 2997,17019
Brandais,2022-11-20,false,+356 287 156 3710,33802
Melicent,2020-11-30,false,+61 858 805 5508,61639
Alberik,2025-08-12,true,+62 282 505 2946,75290
Lillis,2021-05-10,false,+380 830 398 2523,90913
Zebedee,2020-05-22,false,+86 443 666 3011,45247
Moira,2021-09-20,false,+84 644 523 9994,18265
Zonnya,2022-08-18,false,+242 527 359 8638,88270
Rosene,2023-10-09,true,+86 562 733 2256,47631
Udell,2023-07-01,false,+62 125 571 0044,17161
Shayla,2024-10-31,false,+63 341 710 9868,9863
Aurlie,2022-12-12,false,+351 608 334 2428,48769
Quinn,2022-05-15,false,+351 542 735 9472,43513
Leonore,2020-06-01,true,+354 432 538 2877,4886
Raimondo,2022-06-25,false,+62 315 284 3461,93403
Gweneth,2020-08-15,false,+60 171 243 8146,18200
Janot,2021-07-01,false,+254 171 302 6709,28796
Andy,2025-06-17,true,+48 936 951 2869,16905
Helenka,2022-03-24,true,+86 213 133 8337,91365
Jodee,2021-05-28,true,+86 298 736 7587,66989
Vance,2024-02-10,true,+66 988 280 2505,74132
Celisse,2023-03-17,false,+420 850 216 0644,72751
Jude,2021-03-14,true,+420 717 932 0335,63896
Josefa,2022-11-03,true,+353 370 584 6311,10608
Tanitansy,2021-09-04,false,+81 313 852 1831,42105
Jerrilyn,2022-05-17,true,+1 303 953 9021,84142
Antone,2020-04-07,false,+62 584 544 0043,88710
Ari,2023-10-07,true,+63 796 361 0349,6262
Jerald,2021-03-28,false,+46 952 568 4909,34349
Rivy,2020-01-17,true,+62 636 522 3194,82682
Eartha,2020-05-17,false,+54 259 306 9544,6738
Claire,2022-06-17,true,+7 128 746 5153,18628
Cecilio,2022-08-04,false,+86 582 773 3235,80792
Rubina,2021-10-28,true,+86 886 466 9308,71484
Allyce,2021-04-18,true,+63 290 269 5017,5715
Bendix,2023-05-25,true,+63 369 959 6680,83510
Rheba,2025-03-31,true,+84 976 939 9108,87509
Baird,2023-12-01,false,+81 915 808 0439,11777
Madeline,2020-07-13,false,+86 286 131 2212,53917
Peterus,2023-10-11,true,+55 707 600 1076,33451
Amby,2024-02-28,true,+374 284 676 7721,54407
Loni,2022-05-21,true,+385 392 266 5449,84224
Jayme,2023-05-16,false,+62 200 998 3981,79180
Dianna,2020-09-01,false,+963 463 157 6287,93921
Brennen,2023-12-22,true,+86 329 339 2521,93423
Sheba,2023-11-23,false,+1 901 563 3426,84605
Joya,2020-11-01,false,+256 229 151 0655,58485
Laina,2023-10-10,false,+1 903 842 8150,43648
Cathyleen,2022-12-07,true,+502 224 420 5798,4806
Malvina,2024-09-11,false,+1 118 669 1193,41562
Kimmi,2023-11-10,false,+86 449 975 3195,36838
Timotheus,2022-12-19,false,+86 647 262 2099,27165
Jenni,2021-01-05,true,+86 467 150 7329,5488
Konstantine,2021-10-16,false,+86 117 373 8533,71690
Melonie,2022-02-07,true,+86 465 301 7639,61555
Lucian,2022-09-16,false,+81 983 471 2710,66589
Nappy,2020-11-15,true,+86 778 311 5180,43392
Cozmo,2025-06-08,false,+359 505 596 7425,65619
Dulce,2025-02-06,false,+62 333 716 2809,17812
Bert,2021-08-31,true,+53 941 575 8360,89289
Tera,2024-01-26,false,+1 269 856 3755,45578
Rozamond,2022-02-18,true,+1 480 928 6827,98825
Sheena,2024-03-17,false,+62 858 980 4597,5530
Cynthia,2020-03-29,false,+62 199 406 5664,88957
Josefa,2025-03-30,false,+48 719 881 4340,85178
Gothart,2023-10-29,false,+81 417 904 7526,19037
Andrej,2025-03-16,true,+63 799 436 8732,71933
Mada,2024-12-12,false,+380 648 573 0988,6556
Brena,2023-07-17,false,+54 275 981 0552,92461
Giralda,2020-04-24,false,+351 407 409 4328,4134
Val,2022-10-27,true,+55 411 306 2622,45458
Kent,2020-11-01,true,+994 243 605 9222,64617
Jessica,2022-06-01,true,+506 460 616 2727,70098
Belia,2024-04-24,false,+1 205 106 2144,75229
Lesley,2021-11-10,true,+49 180 791 1283,27392
Michale,2021-05-02,false,+86 945 290 6302,93144
Grethel,2025-06-14,false,+51 215 981 5965,24907
Cathie,2020-12-01,false,+1 804 395 8200,86745
Mirabelle,2022-05-06,false,+46 198 764 3762,8961
Rebekah,2020-11-08,false,+63 457 924 7431,4001
Paten,2023-03-19,false,+27 551 603 8422,32051
Gaspar,2020-01-18,false,+261 258 874 6227,10960
Katerina,2020-12-09,false,+55 278 144 5760,22048
Damiano,2021-09-19,false,+86 547 234 1900,89540
Jacynth,2023-02-02,true,+52 394 771 9612,59425
Randa,2021-02-15,true,+86 403 435 2122,92163
Dougie,2022-05-30,false,+52 360 910 6267,34263
Massimo,2023-08-05,true,+7 854 316 7334,51055
Jemie,2023-04-27,true,+62 203 721 3482,50624
Elli,2022-09-26,false,+66 325 429 3294,24791
